restaurante,city,num_of_reviews,avg_rating
Guelaguetza Restaurant,Los Angeles,4180,4.3
Mariscos 4 Vientos,Los Angeles,3357,4.5
El Huero Drive Thru,Los Angeles,3042,4.4
South Beach Bar & Grille,San Diego,2632,4.4
Taqueria El Paisa@.com,Oakland,2230,4.5
Taco Station,Riverside,2142,4.4
King Taco # 20,El Monte,2098,4.1
Amapola Rico Taco,San Bernardino,1928,4.1
TAQUERIA VIVA VILLA MARKET,Fontana,1713,4.3
Tacos Mexico,Victorville,1612,4.2
"Casa de Freds, Tacos y Tequila",San Diego,1431,4.2
King Taco # 1,Los Angeles,1423,4.3
Boca Del Rio,La Puente,1368,4.5
Casa Torres Restaurante y Cantina,Los Angeles,1358,4.2
Taqueria HOY!,Orange,1344,4.3
SOL Mexican Cocina,Newport Beach,1336,4.4
El Torito,Lakewood,1328,4.1
Tacos El Gavilan,Los Angeles,1308,4.3
Taco Bell,Sacramento,1271,3.7
Angelo's Burgers,Oceanside,1264,4.0
Taqueria Vallarta,San Francisco,1214,4.3
Taco Bell,Los Angeles,1208,3.9
Ponce's Mexican Restaurant,San Diego,1201,4.5
Benny's Tacos & Rotisserie Chicken in Westchester,Los Angeles,1192,4.4
Cabo Cantina,Marina del Rey,1188,4.0
Sonora Grill,Moreno Valley,1186,4.6
Misky Misky Cocina Peruana,West Covina,1123,4.5
Chili's,Modesto,1093,4.2
Green Onion,Moreno Valley,1078,4.4
Chacho's,San Jose,1063,4.1
Green Onion Mexican Restaurant,Los Angeles,1054,4.4
Adalberto's Méxican Food Restaurant,Rocklin,1048,4.3
Mariscos Uruapan Restaurant,Baldwin Park,1046,4.3
Del Taco,Pasadena,1035,3.7
Taco Bell,Riverside,1018,3.8
Hacienda Grill,Big Bear Lake,1017,4.0
Taco Bell,Los Angeles,1017,4.0
Metro Taquero,Hayward,977,4.1
Dos Amigos Tortas,Highland,971,4.4
Carmelita's Méxican Restaurant,Roseville,961,4.4
The Galley Fish Tacos,Victorville,941,4.6
Frida Mexican Cuisine,Torrance,933,4.3
Isabella's Bar & Grill,Atwater,895,4.4
Kico's Méxican Food,Sacramento,868,4.1
El Torito,Los Angeles,858,4.2
TANTO Japanese Restaurant,Sunnyvale,858,4.4
Taco Bell,Chico,847,3.5
Anita's Mexican Restaurant & Cantina,Oceanside,843,4.3
El Pollo Loco,Sacramento,837,4.0
Chili's Grill & Bar,Paso Robles,827,4.0
Chipotle Mexican Grill,Sacramento,826,3.9
Taqueria Santa Cruz II,Santa Cruz,820,4.3
Super Taco,Visalia,818,4.3
Phở 45,Garden Grove,818,4.5
Mofongos,Los Angeles,818,4.4
Del Taco,Palm Springs,796,3.9
Don Cuco Mexican Restaurant,Burbank,794,4.4
El Taco Loco,Bakersfield,783,3.9
Los Pancho's Taco Shop,Chula Vista,780,4.2
Zendejas Mexican Restaurant,San Dimas,778,4.0
Beach House Tacos,Ventura,778,4.5
Taqueria La Estrella,Manteca,774,4.0
Tito's LaEspecial,Santa Ana,759,4.4
Gallardo's,San Francisco,754,4.5
Mezcalito Oaxacan Cuisine,Rocklin,753,4.6
Susy’s Méxican Food,Stockton,748,4.3
Del Taco,Stanton,739,3.9
Tacos Estilo Guadalajara,Downey,734,4.5
El Baja,Fontana,733,4.2
La Costeña,Mountain View,728,4.3
Leo's Mexican Food,Lawndale,727,4.5
Tacos Mexico,Bell,718,4.3
Baker's Drive-Thru,Rialto,705,4.2
El Pollo Loco,San Bernardino,695,4.1
La Villa Taqueria,Bakersfield,688,4.1
Tacos La Villa,Bakersfield,673,4.2
Puerto Azul Restaurant,San Jose,671,4.0
Del Taco,Bakersfield,664,3.9
El Pollo Loco,Clovis,658,4.0
El Caserio Restaurant,Los Angeles,657,4.3
Tacko,San Francisco,648,4.4
La Parrilla Mexican Restaurant & Bar,Modesto,648,4.3
Carolina's Mexican Restaurant,Sacramento,646,3.8
Taco Bell,Desert Hot Springs,633,3.9
Alberto's Mexican Food,Rancho Cucamonga,628,3.9
Del Taco,Riverside,626,4.2
Del Taco,Ontario,623,4.0
Cardenas Markets,Pomona,623,3.8
Baker's Drive-Thru,Rialto,620,4.3
El Pollo Loco,Lynwood,618,3.6
Rosa Maria's Mexican Food,Highland,613,4.6
Leno's Rico Taco,Colton,598,4.2
Taco Bell,Modesto,598,4.0
Del Taco,Gardena,598,3.9
Fatboys Taco,Palmdale,593,4.8
Flacos,Berkeley,585,4.5
Chipotle Mexican Grill,Roseville,585,3.6
Taco Bell,Fresno,584,3.8
El Rocoto,Cerritos,576,4.3
Del Taco,Red Bluff,568,3.5
Diana's Mexican Food Products Inc,El Monte,555,4.3
Hercules Burgers,Orange,543,4.2
Garcia's Taqueria,Sunnyvale,538,4.1
Los Cantaros,Oakland,516,4.0
Tequilas Cantina & Grill,Burbank,516,4.3
Señor Baja,Norwalk,504,4.4
Cafe Rio Mexican Grill,Fresno,495,4.4
Miguel's Jr.,Riverside,495,4.2
Casa Maria,Clovis,494,4.3
Taco Bell,Lake Forest,493,4.0
Taco Bell,San Fernando,492,3.9
Del Taco,Lebec,477,3.6
Rigoberto's Taco Shop,La Mesa,476,4.1
Del Taco,Ontario,448,4.0
Mariscos El Chuy #2,Hawthorne,448,4.4
El Toro Bravo,Costa Mesa,448,4.1
Tortas Ahogadas El Rey,Huntington Park,448,4.4
Del Taco,Long Beach,445,4.2
Las Lomas Restaurant,Los Angeles,438,4.4
El Pollo Loco,Long Beach,438,3.6
Peter's El Loco,West Covina,435,4.3
Rosie's,Yucaipa,434,4.4
El Favorito Taqueria,Grass Valley,428,4.3
Frida Mexican Cuisine – Beverly Hills,Beverly Hills,428,4.2
Alberto's Mexican Food,Ontario,426,3.8
Jimboy's Tacos,Citrus Heights,418,4.2
Del Taco,Orange,418,4.0
Molcajete Cocina Mexicana,Oakland,408,4.3
"D'Poly Taco, Grill & Beer",El Centro,408,4.4
Los Portales,Mountain View,393,4.4
Jilberto's Taco Shop,Pauma Valley,392,4.3
El Jardin,Turlock,388,4.2
El Ranchito Taco Shop,Hemet,384,4.4
Taco Bell,Angels Camp,383,3.8
Del Taco,Vacaville,374,3.8
Del Taco,Fountain Valley,363,4.2
China's Alley,Lindsay,358,4.3
Mission Burrito,Los Angeles,358,4.2
El Mezcal Mexican Restaurant,San Andreas,358,4.5
Chipotle Mexican Grill,Palm Springs,355,4.0
Fasika Ethiopian Restaurant,Fresno,354,4.5
El Burrito Grill,Long Beach,348,4.4
Azúcar Lounge,San Francisco,338,4.3
tacos la calle,Buena Park,338,4.3
Taco Bell,Simi Valley,335,3.9
Los Primos Birria,Chula Vista,328,4.5
Chipotle Mexican Grill,San Jose,327,3.9
El Parque,Fallbrook,324,4.3
Cabos Mexican Restaurant,Clearlake,318,4.0
Delicias Taqueria,Watsonville,318,4.4
El Burrito,Sacramento,317,3.9
Taqueria Santa Fe,Orosi,305,4.4
Xécora Gastronomía Urbana,El Monte,304,4.4
Rolberto's Taco Shop,San Diego,303,4.2
El Pollo Loco,Garden Grove,288,4.1
Rancho del Zocalo Restaurante,Anaheim,288,4.2
Amigos De Acapulco,Chico,288,4.5
Micheladas Mexican Grill,Santa Clarita,282,4.5
Los Portales Taco Shop,Murrieta,281,4.3
Taco Bell,Rohnert Park,278,3.5
Los Arroyos Camarillo Mexican Restaurant & Take Out,Camarillo,277,4.1
Amigos Mexican Restaurant,Bishop,276,4.2
Doc's Drive In,Visalia,275,4.4
La Casita Rivera,Long Beach,274,4.3
Casa Flores Restaurant Authentic Mexican,Stockton,267,4.4
El Pollo Norteño,Santa Ana,267,4.2
Rubio's Coastal Grill,Vista,266,4.3
El Huarache Loco,Delano,263,4.2
Restaurant Acapulco 2,Santa Ana,258,4.0
Rubio's,Huntington Beach,258,4.4
Zócalo Folsom,Folsom,256,4.0
Albert Fresh Mexican Food,Long Beach,255,4.2
Taco Plus,Los Angeles,248,4.1
Maderos Cocina Mexicana,Redondo Beach,247,4.7
Puro Sabor Peruvian Restaurant,Los Angeles,247,4.4
Rosales Mexican Restaurant,Santa Barbara,246,4.4
Chipotle Mexican Grill,Del Mar,238,4.2
Troca De Tacos La Cascada,Santa Ana,238,4.3
KALIENTE RESTAURANT,El Sobrante,235,4.1
The Pollo L.A.,Los Angeles,228,4.7
El Palacio Restaurant & Night Club,La Puente,228,4.2
Taqueria Don Chepe,Pleasanton,226,4.5
Alexander's World Famous Tortas,East Compton,220,4.6
Taco Factory,Delano,215,4.3
Morada Neveria Y Paleteria,Stockton,214,4.6
Las Palmas,San Francisco,208,4.2
El Jalapeño Restaurant,San Jose,208,4.1
Lupita's Mexican Grill,Redondo Beach,208,4.0
Tacos Estilo Guadalajara,Lynwood,208,4.3
Las Isletas Restaurant,San Francisco,207,4.2
Los Tacos,Oceanside,203,4.3
Tacos El Paisa,Upland,202,4.7
Taqueria El Indio,Hayward,198,4.3
Rubio's Coastal Grill,Laguna Niguel,198,4.1
Chipotle Mexican Grill,Los Angeles,196,4.2
La Tripa Veloz,Cudahy,195,4.1
Guerrero's Taqueria 2,Pacifica,195,4.2
El Agave Taqueria,Auburn,194,4.2
Cabo Taco Baja Grill,La Mirada,188,4.5
The Mexico Cafe Temecula,Temecula,188,3.9
Pedro's Cocina,Dixon,188,4.5
El Michoacano,Santa Ana,188,4.4
El Porton Colombiano Restaurant,Huntington Beach,188,4.5
Panda's Mexican Restaurant,El Cajon,188,4.0
Taqueria Los Primos,Santa Clarita,186,4.1
Birrieria El Primo,San Jose,185,3.9
Tacos La Nueva,Sacramento,183,4.4
Arco Iris Juice Bar & Restaurant,Oxnard,178,4.2
El Campestre Dos Restaurant,Newman,178,4.3
El Rancho Mexican Restaurant,Moreno Valley,178,4.2
Super Tacos Panchitos,Corona,178,4.3
La Ranchera Mexican Food,La Habra,177,4.1
Taqueria Jalisco,Salinas,176,4.1
Mi Patria Restaurant,Pico Rivera,176,4.1
Mexipino Craft,Chula Vista,175,4.5
Linda's Mexican Restaurant,San Jose,174,4.3
Our Place Restaurant,Moreno Valley,173,4.4
El Taco Llama Restaurant,Los Angeles,168,4.1
Moreno Taco Shop,Madera,168,4.1
Tacos y Birria Miguelito #1,Santa Ana,168,4.5
Los Locos Mexican Restaurant,San Diego,162,3.5
El Chalateco,Los Angeles,158,4.3
SALVIMEX110 RESTAURANT & BAR,Gardena,158,4.4
Carnitas Michoacan,Los Angeles,158,4.3
New Buenos Aires Bakery & Cafe,Burbank,158,4.5
Yahaira's Cafe,Pasadena,158,4.6
Lily's Cafe,Fresno,158,4.4
Mi Durango,Lancaster,158,4.4
Mariscos Alas,Paramount,158,4.5
Taqueria Los Altos,Tracy,158,4.3
East Los Tacos,Los Angeles,157,4.7
La Chaparrita,Hayward,157,4.3
Ah-Jijo! Mexican Grill,San Diego,156,4.2
La Michoacana Bakery & Taco Shop,Delhi,156,4.4
Real Colima 1 Restaurant,Pajaro,155,4.2
Lena's Cantina,Portola,155,4.3
Elma’s Taqueria,San Jose,155,4.1
El Rey Del Marisco,Santa Ana,155,3.9
Tacos Tamix Mexican food truck,Los Angeles,154,4.7
Cantina Verde,San Francisco,154,4.3
Pepe's Tortas,Perris,153,4.5
Lolita's Tamales,East Los Angeles,153,3.8
M&C Grill Sports Bar,Trabuco Canyon,153,4.5
Los Tres Pollos #3,Long Beach,152,4.4
Papas & Tacos,Los Angeles,148,4.1
Taqueria Mi sazon,San Francisco,148,4.0
Chavinda Taqueria,Madera,148,4.5
TAQUERIA CAROLINA # 3,Modesto,148,4.1
Birrieria And Menuderia Del Toro,Chula Vista,148,4.2
Mi San Salvador,South Gate,148,4.2
La Unica,Santa Maria,148,4.2
Mariscos Valencia Restaurant,Tustin,147,4.5
Ajua! Modern Taqueria,Bakersfield,146,4.2
Restaurante El Gordo,Los Angeles,145,4.5
Molcajete Grill,Westminster,145,4.4
"Tacos Josefina, Jose's Taco Shop",Fresno,145,4.0
Yolis Snacks,Parlier,145,4.7
El Palmar Salvadorean Restaurant,Los Angeles,144,3.3
Bernardos Mexican Restaurant,Granite Bay,143,4.3
Baja Fresh Mexican Grill,San Bernardino,142,4.4
Taqueria El Taco Loco #7,Los Angeles,142,4.5
Tacos El Pelon,East Los Angeles,138,4.5
Señor Burro,La Mesa,138,4.4
El Quiubole,Cudahy,138,4.5
Lupita's Meat Market,Los Angeles,138,4.6
Mariscos Las Reynitas,Riverside,137,4.1
Taqueria El Cino,San Diego,137,4.4
El Tarasco Bravo,Dos Palos,136,4.5
La Fuente Mexican Restaurant,Ojai,136,4.4
Ole Ole Burrito Express,Oakland,136,4.1
El Rey Moro Taco Shop,San Diego,136,4.3
Casa 7 Mares Restaurant,Los Angeles,136,4.2
Taqueria Gudino,Richgrove,134,4.4
Javi's Tacos,Turlock,134,4.7
El Huarachito Casero,Los Angeles,133,4.1
Al Carbon Pollos a la Brasa,San Mateo,130,4.2
PaPa Pancho's Taqueria,San Lorenzo,129,4.3
Raul's Mexican Food,Encinitas,128,4.5
Rancho La Perla Restaurant,Riverside,128,3.9
El Nuevo Tlaquepaque,Exeter,128,4.4
Tacos Mexico Echo Park,Los Angeles,128,4.0
Dos Vaqueros Mexican Food,Escondido,128,4.2
LA GRANA FISH,Oakland,128,4.7
La Hacienda Petaluma,Petaluma,128,4.2
Tropical Oasis,Chula Vista,128,4.3
3 Hermanas,Sacramento,128,4.4
El Indio Tortillas Factory,Santa Ana,128,4.3
Tacos Uruapan Food Truck,Hayward,128,4.5
Brasserie Saint James- Mission,San Francisco,128,4.5
Don Gerardo's Restaurant,El Monte,128,4.4
Urban Tortilla,San Francisco,128,3.0
Tacos El Tizon 3,San Luis Obispo,128,4.4
Casa Gazcón Mexican Grill,Santa Fe Springs,128,4.3
Birrieria El Puente,Pittsburg,127,4.2
Hecho En Mexico Taqueria,Fairfield,127,4.2
Super Torta Mexican Food,Anaheim,127,4.2
Peruvian Rotisserie Chicken,Huntington Beach,126,3.8
Tacos Mariscos Tijuana,Reedley,126,4.0
Chipotle Mexican Grill,Torrance,126,4.2
Valentinas Taco Shop,San Diego,125,3.9
Aurora's,Dana Point,125,4.1
Acapulco Gardens Mexican Food,Stockton,124,4.2
El Borrego De Oro,Sacramento,124,4.3
Antojitos Tenampa,Lemon Grove,122,4.4
Cariblue,Redwood City,119,4.6
Lupita's Tacos,Visalia,118,4.7
Tony's Tacos,Visalia,118,4.7
Parra's,Oakland,118,4.3
Continental Bakery,Los Angeles,118,4.1
Stand Up Tacos,West Covina,118,4.1
Fresh Burrito Mexican Grill,Ventura,118,4.5
San Juan Rotisserie Pollo,Chino Hills,118,4.5
Malbec Argentinean Cuisine,Los Angeles,118,4.7
Honduras kitchen,San Francisco,118,4.1
Casa Guerrero,Baldwin Park,118,4.4
20/20 Bar & Grill,Pomona,118,3.6
Mi Lindo Oaxaca Restaurant,Baldwin Park,118,4.5
Hermosa Mexican Cuisine,Hermosa Beach,118,4.6
El Frijolitos Restaurant,Avenal,118,3.8
Tony Mariscos Restaurant,Baldwin Park,118,4.2
Los Pepes Mexican Grill,Palm Desert,118,4.1
El Sabroso,Buttonwillow,118,4.5
Taco Safary Mexican Food,Huntington Park,117,4.0
Pico De Gallo Mexican Food,Fresno,117,4.4
Doña Marta's,Los Angeles,117,3.6
Paco's Tacos,San Bernardino,116,4.3
El Portal Restaurant,Bakersfield,116,3.8
Andy's Surf N Turf Tacos,Los Angeles,116,4.5
Dona Mercedes Restaurant,San Fernando,116,4.2
Tacos De Birria De Res,Los Angeles,116,4.6
Achiote Grill,Huntington Beach,115,4.3
Chile Red,Rancho Cucamonga,115,4.5
The Fifth Lounge,Fontana,115,4.4
Nory's Restaurant,Lake Forest,115,4.5
Taco's San Pedro,Yorba Linda,115,4.3
El Chef Tacos,Westminster,115,4.1
Sabor Mexican Grill,Lemon Grove,113,4.2
Taqueria Del Mar,Monterey,113,4.2
Restaurante Panaderia Y Pupuseria Belen,Los Angeles,111,4.0
El Patio Mexican Birrieria,San Jose,108,4.1
Los Cilantros,Berkeley,108,4.5
Casa De Papi Mexican Grill,Los Angeles,108,4.8
Rikas Peruvian cuisine,Los Angeles,108,4.4
Camino Real Café,Pajaro,108,4.5
Marina Restaurant,San Leandro,108,4.5
Tropikal Calle 8,Lancaster,108,4.1
Taqueria Hernandez,Oxnard,108,4.4
Taqueria Dos Hermanos,Stockton,108,4.3
Taco Bell,Corona,108,3.5
The Latin Chef Liberty Station,San Diego,108,4.6
La Buena Taqueria and More,Watsonville,108,4.4
Las Morelianas,Hemet,108,4.4
Taqueria 2 Gallos De Oro,Salinas,108,4.3
Tacos Jalisco,Kings Beach,108,4.0
Casa Del Rey,Santa Ana,108,3.7
El Burrito Loco,Wasco,108,4.4
Tacos Catrina,Stockton,108,4.2
United Paleteria Y Neveria,San Jose,108,4.2
Oaxaco Restaurant,Oxnard,108,4.2
Balbuena's Mexican Restaurant,Los Angeles,108,4.2
Taco Bell,Arcadia,107,3.7
Marisqueria & Taqueria Don Chava,Farmersville,107,4.3
El Vaquero Restaurant,Los Angeles,107,4.1
Angel’s Tijuana Tacos,Jurupa Valley,107,4.5
Taco Bell,Daly City,107,3.4
Tacos El Gordo,Fresno,107,4.7
Que Viva,Cameron Park,107,4.1
La Cocina,Redondo Beach,107,4.4
Birrieria Gonzalez,Fontana,105,4.7
2 Amigos Taco Truck,Fresno,105,4.7
Amigos Tacos,Hermosa Beach,105,4.2
Taqueria Guerrero,Madera,105,4.1
La Parrilla Taqueria,Atascadero,104,4.7
Mariscos Vista Del Mar,Stanton,104,4.1
Taqueria el azteca,Stockton,104,4.2
Birrieria Y Taqueria Yahualica,Bay Point,103,4.3
TACOS EL PUEBLA,Los Angeles,98,4.5
Chuys Tacos Y Taquisas,Fresno,98,4.7
Tacos El Palomas,Compton,98,4.7
Taco Bell,Hayward,98,3.5
El Gallo Giro,San Fernando,98,4.4
Placita Cafe,Los Angeles,98,4.6
Chipotle Mexican Grill,Danville,98,3.5
Asadero Neighborhood,Calexico,98,3.7
Mariscos El Pargo,Whittier,98,3.9
Carnitas El Rincón,San Jose,98,4.6
Fresh Mex Bar & Grill,Oxnard,98,4.0
Saltillo Tortilleria,Salinas,98,4.3
Chitos Birerria,Modesto,98,4.0
Pollo Del Norte,Bakersfield,98,3.9
Chronic Tacos,San Luis Obispo,98,3.8
Giant Burrito,Oakland,98,4.0
Vaqueras,Santa Maria,98,4.0
Oscar's Authentic Mexican Food,San Diego,98,3.7
Fruteria La Capirucha,Chula Vista,97,4.5
Tacos el Fogon,Menlo Park,97,4.3
La Kebrada Restaurant,Fresno,97,4.4
El Nuevo Mexicali III,Springville,96,4.1
La Superior Mercados,Woodland,96,3.6
Tacos Mexico,Turlock,96,4.4
D Poly,Calexico,96,4.1
Alfonso's Carniceria y Taqueria,Selma,96,3.9
Playa Linda Taqueria,Rio Linda,95,4.0
Tacos El Pollo y El Pollito,San Jose,95,4.3
Las Champas 12,East Los Angeles,95,4.0
Casa Jalisco Restaurant,Los Angeles,95,4.2
Birrieria Nochistlan,Los Angeles,95,4.7
Taco Camilas,Santa Ana,95,4.6
Taqueria Chicolandia,Santa Ana,94,4.2
Taqueria Morelos #2,Escondido,94,4.2
Arteaga Mexican Restaurant,Parlier,94,4.2
Tacos Y Mariscos El Picante,Santa Ana,94,4.3
DF Tamales,Rialto,94,4.5
Mariscos Costa Mar Restaurant,Palmdale,94,3.8
La Cabanita,Wasco,94,4.4
Tacos El Tizon 2,Santa Maria,93,4.2
DON SALSA'S TAQUERIA,Fresno,93,4.6
Pollo Asado Mr. Jimmy,Auburn,93,4.2
El Zocalo Mexican Steakhouse,Santa Ana,93,3.8
Tu Madres Cantina & Grill,Indio,93,3.9
Tacos El Guero #1,Los Angeles,93,4.8
Tacos Alejandra,Porterville,91,4.4
El Tarasco Restaurant,Sebastopol,89,4.5
Taqueria La Cabaña E&E,El Monte,88,4.6
Tacos El Jarochito,Menlo Park,88,4.4
Taqueria El Flamazo,Salinas,88,3.8
La Casa Del Clamato,Ceres,88,4.6
Gloria's Mexican Food,Costa Mesa,88,4.1
Lorena's Taqueria,King City,88,4.0
Taqueria El Zacatecano,Perris,88,4.3
Los Escalera's Taco Shop,Orange,88,4.3
Mamá Por Dios,Los Angeles,88,3.7
El Patron II Authentic Mexican Food,La Verne,88,4.3
Taqueria Truck,Vernon,88,4.6
TACOS JR,Los Angeles,88,3.9
El Chamango,Westminster,88,4.3
Baja Fresh Mexican Grill,Victorville,88,4.3
Taqueria Guerrero #2,Anaheim,88,4.0
Graciela's Restaurant,Los Angeles,88,4.1
Viva Michoacán Restaurant,San Jose,88,4.2
Tacos Los Carnalillos Taco Truck 2,Los Angeles,88,4.5
Taqueria Lago Azul,Santa Paula,88,4.4
Tasty Chicken,Rancho Cucamonga,88,4.5
Taqueria Los Primos #2,San Mateo,88,4.2
Las Brisas #1,Los Angeles,88,4.4
El Kora y El Sinaloense Restaurant,Ukiah,88,4.3
Mariscos Yucatan,South Gate,88,4.2
Rico's Taqueria,Paradise,88,4.5
"""TACOS"" MICHOACAN",Los Angeles,88,4.1
Los Primos Taqueria Y Restaurant,Pixley,88,4.3
Primos Mexican Food,Solana Beach,88,3.8
Jalisciense Restaurant,Morgan Hill,88,3.7
Mariscos Los Altos,Tracy,88,4.3
Tacos 3 Amigos,Stanton,88,4.3
El Flamin Taco,Los Angeles,88,4.4
La Esquinita Mi Pueblo,Huron,87,4.4
Zapopana's café Tortas Y Raspados,Covina,87,4.4
Taqueria 3 Estrellas,Santa Paula,87,4.7
Las Muchitas Pupuseria & Restaurant,Dos Palos,87,4.1
El Chacuaco Restaurant,Carmichael,86,4.3
Taqueria Zihuatanejo 2,Parlier,86,4.5
Tortas Ahogadas El Gallito,Chula Vista,86,4.6
La Auténtica Michoacána,Rialto,86,3.4
Taqueria El Buen Sabor,San Francisco,86,4.4
T&L POLLOS GRILLED & ROTISSERIE CHICKEN,Whittier,85,4.4
La Patrona Mexican Grill,San Diego,85,3.9
Valencia Market y Taqueria,Napa,85,4.2
Taqueria Jalisco,Los Angeles,85,4.1
Tacos Chidos,Los Angeles,85,4.8
Guanatos Taco Truck,Fremont,84,4.6
Taco Truck REY de REYES,Turlock,84,4.2
Taqueria La Chiquita,Arcata,83,4.6
Contigo Peru,Victorville,83,4.4
La Doña Mexican Cuisine & Bar,Santa Rosa,83,3.8
Taqueria Carmelita,Santa Maria,78,4.0
Arsenios Mexican Food,Fresno,78,4.0
El Silencito,Riverside,78,4.3
Huarache King,King City,78,4.1
El Taco De Guadalajara,Ventura,78,3.3
Eriberto's Taco Shop,San Diego,78,3.9
La Hoya Mexican Restaurant,Rohnert Park,78,4.5
Mariscos el Tarasco,Reedley,78,4.3
Pacos Tacos Stand,Fullerton,78,4.5
Panadería Guila,Los Angeles,78,4.3
Coupa Cafe - Marston,Redwood City,78,4.1
Raffa's Carniceria Panaderia Taqueria #3,Pomona,78,4.4
Mr V's Philly Cheesesteak & Burritos,Los Angeles,78,4.4
Sazón Zapoteca Restaurant,Madera,78,4.3
Juanito's Tacos,Los Angeles,78,4.9
Tacos Jerez,Oxnard,78,4.5
Juanito's Express,Dinuba,78,4.2
Babita Mexicuisine,San Gabriel,78,4.6
La Rinconada Mexican Restaurant,Santa Ana,78,4.1
El Tepeyac Restaurant,San Bernardino,78,4.4
Acai Republic,Fullerton,78,4.9
El Cuco Restaurant,Los Angeles,78,4.1
Habanero's Mexican Food,Montclair,78,4.2
El Camaronero Restaurant # 1,Los Angeles,78,4.2
Tacos Panchito,Corona,78,4.2
Tortas Ahogadas Las Originales,Los Angeles,78,4.1
Mi Pueblo Restaurant,Fremont,78,4.2
Intiraymi Restaurant Peruvian Cuisine,Diamond Bar,78,4.0
El Chamango,El Monte,78,3.9
Mexico Lindo,Copperopolis,78,4.4
Eddie's Cocina Authentic Mexican,Ukiah,78,4.3
Sabor Mexicano Restaurant,Los Angeles,78,4.5
El Manjar Restaurant,San Fernando,78,4.1
Park Avenue Restaurant Polynesian and Mexican Store,Riverside,78,4.7
Cotija's | Mexican Restaurant,Cotati,78,4.7
Carnitas El Rincon,San Jose,78,4.1
Rosarito,Isla Vista,78,3.8
Mariscos Baja,Pomona,77,3.6
Ponce's Tacos,Fresno,77,4.5
7 Luminarias,Guadalupe,77,4.4
San Marcos Mexican Food,Manteca,77,4.3
Taqueria Los Compadres,Fresno,77,4.4
Taqueria Ahi,Sutter Creek,77,4.0
Martha's Kitchen,Los Angeles,76,4.4
Tacos El Compadre,Fremont,76,4.8
The Best Salsa,Orosi,76,4.6
Mexicalpan,Los Angeles,76,4.6
Los Compadres Taqueria,South San Francisco,76,4.4
Hermanos,Los Angeles,76,4.2
Inca's Palace,Richmond,75,4.2
Tacos El Jalicience 3,Watsonville,75,4.1
Taco Bell,Los Angeles,75,3.2
Taco Bell,Fresno,75,3.9
El Grullense Jal,Hollister,75,4.2
Campesino Cafe,Stockton,75,4.4
Senor Baja,Rancho Cucamonga,75,4.2
La Adelita Mexican Restaurant,Atascadero,75,4.3
Mi Casita Mexican Restaurant,Parlier,75,4.3
Carnitas Don Julián,Santa Ana,74,4.6
Taqueria Mila,Santa Rosa,74,4.2
Eve's Enchiladas,King City,74,4.1
LA ESTRELLA LATINA,Ontario,74,4.6
Tacos al Vapor Estilo Guadalajara,Pico Rivera,74,4.5
El Pirata Mexican seafood,Diamond Bar,74,4.6
El Primo Taco Truck,Los Angeles,74,4.2
Rosarito Grill,Santa Clarita,74,4.1
Taqueria Mi Ranchito,Salinas,73,4.0
Mi Jalisco Mexican Grille,Chico,73,4.4
Hortencias OC Mexican grill,Los Alamitos,73,4.5
Las Playas de Don Arturo,Oxnard,73,4.5
Taqueria Santa Rosa,Santa Rosa,73,4.1
Moreno's Rico Taco,San Bernardino,73,4.3
bestrouter,Madera,73,3.9
Cult Taco,Monterey,72,4.1
Arbol del Tule,Anaheim,72,4.0
El Paraiso Food Truck,Santa Ana,71,4.6
Tia Juanita's,Atascadero,70,4.4
La Luz Ultralounge,Bonita,68,3.9
El Cesar,Orosi,68,4.5
Fruit Palace,San Diego,68,4.5
Las Islas Maria,Rialto,68,3.5
Acapulco,Los Angeles,68,4.0
Carmen's Place,Julian,68,3.7
Simon's Restaurant,East Los Angeles,68,4.4
Quetzal taqueria and antojitos,Richmond,68,3.6
Paco's Tacos,Anaheim,68,4.5
Juanita's Tortilleria,Compton,68,4.8
Tacos el Pony,Los Angeles,68,4.4
High Tech Burrito - San Anselmo,San Anselmo,68,4.2
Rincon De Guayabitos,La Puente,68,4.5
Taqueria Durango,Fairfield,68,4.7
Supertacos Taqueria,Parlier,68,4.2
El CAMARONERO #2,Los Angeles,68,4.2
Taco Bell,Newman,68,3.5
Corazon Cocina,Garden Grove,68,4.1
Panchitos Mexican Food,Madera,68,4.6
Corazon Urban Kitchen,Pomona,68,4.5
Génesis Restaurant & Coffee Shop,Los Angeles,68,4.1
MARISCOS DEL PACIFICO,Delano,68,4.4
Guadalajara Market,Modesto,68,4.2
Tacos Del Sol,Oakdale,68,4.3
Las michoacanitas,East Palo Alto,68,4.8
Sylvia's Pupusería,Los Angeles,68,4.5
"Ahumadas Mexican Grill and Tacos,",Riverside,68,4.5
El Tenampa,Oxnard,68,4.1
Maya Mexican Grill,Orinda,68,4.2
Mr Pepe's,Pico Rivera,68,4.3
El Calabozo Taqueria,Antioch,68,4.2
Los Famosos Tacos Al Carbon,Los Angeles,68,4.5
La Michoacana,Nuevo,68,4.1
Healthy Life Shakes,Vacaville,67,4.6
Carniceria La Esperanza,La Puente,67,4.7
Don Pollo,Fullerton,67,4.5
Mikey V's,Tulare,67,4.5
El Pollo Feliz,Carmichael,67,4.5
La Cresta Restaurant & Taco Shop,El Cajon,67,4.6
Del Taco,Santa Clarita,67,3.8
Tacos El Hidalguense,Turlock,67,4.3
Pablito's Tacos,Los Angeles,67,4.0
Chuys tacos & bionicos,Lynwood,67,4.4
El Rincon Mexicano,Santa Ana,66,4.2
Panaderia Amarilla,Los Angeles,66,3.3
Mi Lindo San Juan,Gonzales,66,4.4
La Catrina,Oakland,66,4.2
Costa Delmar Mexican Restaurant,Riverside,66,4.5
Rero's Burrito Co,West Covina,66,4.7
El Taquin Mendoza,Fresno,66,4.5
Los Adobes Taqueria,Stockton,66,4.2
F.S. Mexican Food,San Dimas,66,4.1
El Nopal,Vallejo,65,4.3
Olas Mexicali Grill,Modesto,65,4.2
Taqueria Los Tres Amigos Inc.,Baldwin Park,65,4.4
Taquitos la bombonera 2,Woodland,65,4.5
Barranco taco bar,Los Angeles,65,4.3
Viva Taqueria,Santa Clara,65,4.2
Moe's Southwest Grill,Roseville,65,3.8
El Favorito Taqueria,Modesto,65,3.9
La Palapa Taco Shop,San Diego,65,4.6
Taco's Bruno's,Fresno,65,4.9
Tequila Restaurant,Merced,65,4.0
Chipotle Mexican Grill,Indio,65,4.1
El Bronco Taqueria,Los Angeles,64,4.2
Paletas y Nieves Limon,Maywood,64,4.4
Aztec Grill,Santa Rosa,64,4.3
El Dorado Mexican Food,Temecula,64,4.4
Tacos a Cabron #2,Los Angeles,64,4.2
Burrito Factory,Los Angeles,64,3.7
La Gordita Mexican Food,Murrieta,64,4.5
Carniceria Argentina Alex Meat Market,Los Angeles,64,4.7
Del Mar Cafe,San Gabriel,64,4.4
Best Coast Burritos,Oakland,64,3.8
Taco Bell,Riverside,64,3.6
Huaraches Y Quesadillas Chayito,Los Angeles,64,4.6
Broadway Diner,Chula Vista,63,3.5
Tuition Tacos,Riverside,61,4.7
Guacamole Grill,Lakewood,60,4.3
Pupuseria La Paz,San Pablo,58,3.8
Morenos Taqueria,Pismo Beach,58,4.8
Pancho Villa Restaurant,Long Beach,58,4.5
Compadres Estilo Tijuana,Lemoore,58,4.6
Tacos El Bronco,Los Angeles,58,4.2
Raspados El Diablito Loco Restaurant,Sacramento,58,4.0
Crazy Bull Inc.,Calexico,58,4.5
La Casita OC,Orange,58,4.8
Mi Amigo Restaurant and bakery,Fallbrook,58,4.7
Lino's Tacos,Los Angeles,58,4.5
El Pollo Rico,Goleta,58,4.2
El Matador Authentic Mexican Food,Pasadena,58,4.6
1st Street Burger House,Santa Ana,58,4.5
Los Pochos,Huntington Park,58,4.4
El Milagro Restaurant # 2,Salinas,58,4.0
Morena’s Mexican Cuisine,Mission Viejo,58,4.6
Chipotle Mexican Grill,Los Angeles,58,4.1
Carnitas Michoacan,Los Angeles,58,3.8
Taqueria El Tapatio #12,Oxnard,58,3.0
Tony's #1 Mexican Grill,Los Angeles,58,3.5
Taqueria El Taconazo,Santa Clara,58,4.1
GUACS Woodfire Mexican Grill,Diamond Bar,58,4.0
Tacos Cancun,Newport Beach,58,4.5
Baja Taco House,Huntington Beach,58,4.4
El Cazador,Princeton,58,4.6
La Casita Poblana,La Puente,58,4.5
Ocho Mexican Grill,Los Angeles,58,4.1
Turtle Bay Taqueria,Monterey,58,3.8
Tacos Y Mariscos,Los Angeles,58,3.8
La Palapa Mexican Restaurant,Lakeside,58,4.6
Taqueria Valparaiso,Modesto,58,4.6
Cafe Durango De Chi6ix,Daly City,58,3.8
Taco Perron,Santa Ana,58,4.4
El Pollo Habanero,South Gate,58,4.5
559 Taqueria,Clovis,58,3.1
Las Cabañas Mexican Grill & Taqueria,Berkeley,58,4.4
Birrieria Sergio,Marysville,58,4.5
Tierra Caliente Restaurant,Stockton,58,3.8
Tacos El Pelon,San Jose,58,4.3
Picca,Los Angeles,58,4.1
Tacos Estilo D.F,Carson,58,4.7
Brazuca Brazilian Cuisine,Manhattan Beach,58,4.7
Restaurant Cafe Valparaiso,Albany,58,4.7
Manoly's Bakery,Los Angeles,58,4.2
Carlito's Restaurant,Salinas,58,4.5
Tacos de camaron,Vernon,58,4.7
Delicias Oaxaqueñas,Lynwood,58,4.0
Antojitos Tropicales,Los Angeles,58,4.4
Jimenez Taco Shop,Kingsburg,58,4.5
Tacos Tortas & Burritos,Los Angeles,58,4.6
Barbacoa de borrego estilo texcoco,San Bernardino,58,4.5
Tropicocina Grill,Santa Ana,58,4.2
Tortilleria Guadalajara,Thousand Oaks,58,4.4
Tic Tac Restaurant,La Puente,58,4.4
Cecilia's Restaurant,Mendota,58,4.5
Tamara's Tamales,Los Angeles,58,4.6
La Parrilla Fresh,Los Angeles,58,4.1
Jose Chiquito,Los Angeles,58,4.2
Waffles N Cream,Santa Fe Springs,58,4.4
Super Taco,Montclair,58,4.4
La Pasadita,Woodland,58,4.0
Almas Mexican Food,Arcata,58,4.8
Taqueria Los Altos,Anaheim,57,3.8
Plaza Jalisco Restaurant #1104,Los Angeles,57,4.0
Taqueria los hermanos #2,Victorville,57,4.3
Sonia’s Taco Truck,Los Angeles,57,4.6
Acapulco,San Marcos,57,3.4
El Epazote Restaurant,Hollister,56,4.1
Ubatuba Acai - Woodland Hills,Los Angeles,56,4.4
La Poblanita Kitchen,Selma,56,4.1
Tacos Neza,Los Angeles,56,4.3
La Mas Meat Pollo Two,Los Angeles,56,4.1
Taco Lullus,Whittier,56,4.5
Pollo Master,Los Angeles,56,4.3
Tacos la Perla,Oakland,56,4.7
Rancho Medrano,Healdsburg,56,4.3
Las Brisas Autentic Mexican,Anaheim,56,4.2
Trujillo Family Restaurants,Los Angeles,55,4.4
Pepe's,Hayward,55,4.5
El Potrillo Cafe,Los Angeles,55,4.0
Davina's Mexican Restaurant,Oceanside,55,4.5
Reyna Market,Santa Ana,55,4.2
La Cabaña Mexican Grill,Stockton,55,4.0
La Cocina De Mama,Fresno,55,4.3
Roger's Cafe,Oxnard,55,4.1
Taqueria La Fiesta,Novato,55,3.9
Qala Peruvian Seafood & Grill,San Diego,54,4.2
Ceviche 19,Anaheim,54,4.7
Velarde's Fruits,Los Angeles,54,4.7
El Torito,Burbank,54,3.7
Tacos Punta Cabras,Santa Monica,54,4.5
Alebrijes Oaxacan Restaurant,Santa Maria,54,4.6
El Super Antojito,Sanger,54,4.2
Taqueria La Plebe and More,Los Angeles,54,4.8
Tortas El Guero,Ontario,54,4.9
Dia Y Noche,Walnut Creek,54,4.1
El Torito,San Diego,54,3.9
Mariachi’s Restaurant,Gualala,53,3.3
Golazo,Los Angeles,53,4.2
Viva Mexico,Lynwood,53,4.3
El Capitan Taqueria,San Francisco,53,3.9
Jessica's Tacos,Modesto,53,4.4
Taqueria Jerez,Los Angeles,53,4.5
Ramírez Taqueria,La Puente,53,4.6
El Charrito's Mexican Deli,Marysville,52,4.8
Tacos Duran-Go,Fresno,52,4.5
Adriana's Mexican & American Restaurant,Arcata,52,3.9
Paraiso,Los Angeles,51,4.0
La Fonda Mexican Grill & Cantina,Bakersfield,50,4.5
American Street Tacos,Inglewood,48,4.3
CAMICH FT,Azusa,48,4.7
Taqueria Sin Frontera,Tulare,48,4.6
Tacos MX,Los Angeles,48,4.4
Amorcito Corazón Mexican Bistro,San Diego,48,4.7
De Oro La Puerta Mexican Restaurant,Huntington Beach,48,4.6
Los Yaquis,San Francisco,48,4.7
Rancho Viejo,Santee,48,4.6
Mi Taco Shop,El Cajon,48,4.7
Don Pico’s Mexican Bistro & Cevicheria,San Bruno,48,3.8
El San Marcos Mexican Restaurant,Visalia,48,4.6
Tacos Huetamo,Los Angeles,48,4.6
Coupa Cafe - Stanford Golf Course,Stanford,48,4.5
El Tamborazo Restaurant,Gridley,48,4.1
El Portal,Fontana,48,4.2
Tacos Colima,Los Angeles,48,4.8
Mariscos Y Taqueria Ixpalino Sinaloa,San Mateo,48,4.4
Burritos El Potosino,Folsom,48,4.8
Birrieria San Marcos,Los Angeles,48,4.5
La Pinata Mexican Restaurant,Newark,48,3.7
La guacamaya taco truck,Modesto,48,4.6
Papi Tio's Tacos,Fresno,48,4.4
La Catrina Restaurant,Los Angeles,48,4.1
1810 Argentinean Restaurant,Los Angeles,48,4.5
Baja Springs,Palm Springs,48,4.3
Tacos Guadalajara,Los Angeles,48,4.6
Paleteria Penjamo,Dinuba,48,4.8
Nossa Restaurant,Los Angeles,48,4.5
Restaurante Las Fogatas,Taft,48,4.4
Wahoo's Fish Taco,Los Angeles,48,4.4
Es Todo Vegan Street Food,Los Angeles,48,4.7
Tacos El Flaco,San Francisco,48,4.3
Mariscos El Costeño Mexican Restaurant,South Gate,48,4.4
Tacos Marline,Riverside,48,4.6
Mexican Express,Oxnard,48,4.5
"Forty's Bakery,Restaurant & Juices",Los Angeles,48,4.3
El Indio,Los Angeles,48,4.1
El Patio Mex Grill,Montebello,48,4.0
Nono's Mexican Restaurant,San Juan Capistrano,48,4.3
Taqueria El Limoncito,Colton,48,4.7
Maria's Restaurant Mexican Food,Garden Grove,48,3.9
Pili's Tacos,Los Angeles,48,4.2
EL RANCHO MEXICAN RESTAURANT,Sacramento,48,4.1
Chef Burger,Thousand Oaks,48,3.7
La Serenata de Garibaldi,Los Angeles,48,4.2
Taqueria Michoacana,Farmersville,48,4.3
Taqueria La Laguna,San Leandro,48,4.1
Taqueria El Gallo Jr,San Jose,48,4.4
Papayin's Taco Shop Mexican Food,San Diego,48,4.5
Taqueria Los Tres Garcias,Long Beach,48,4.6
Estrella Market & Liquor,Baldwin Park,48,4.3
La Fiesta,San Diego,48,3.7
Tacos Mi Pueblo,Westminster,48,4.0
Grace Deli & Cafe,San Jose,48,4.4
La cruda (tacos y mariscos),Merced,48,4.6
Doña Félix Restaurant,Los Angeles,48,4.2
El Torito Grill,Torrance,48,3.6
Tukut Lounge at San Manuel Casino,Highland,48,4.0
The Taco Truck,McFarland,48,4.0
El Sol Restaurante,El Monte,48,4.5
Tacos Panzon,Oakland,48,4.9
Taqueria San Martin,Anaheim,48,4.1
Limón Peruvian Cuisine,Fresno,48,4.5
Papi Rico,San Francisco,48,3.9
Taco Bell,Lodi,47,3.8
El Torito,Placentia,47,3.7
Tacos Xochimilco,Oakland,47,4.7
Agave Azul Kitchen & Tequila Bar,Hermosa Beach,47,4.1
TQLAS,La Quinta,47,4.3
Taco Bell,Inglewood,47,2.7
Mi Rinconcito Oaxaqueño,San Jose,47,4.5
El Taco Chico,Oak Park,47,4.1
Don Baja Grill,La Verne,47,4.7
La Gran Villa,Bakersfield,47,4.0
Cesi's Cafe,Alpaugh,47,4.5
Taqueria Los 3 Carnales,East Los Angeles,47,3.7
Viva Zapata Restaurant & Cafe,South El Monte,47,4.6
El Costeño Mexican Kitchen Tacos & Seafood,Hawaiian Gardens,47,4.7
Taco bell,Garden Grove,47,3.3
Taqueria El Mexicano,Patterson,46,4.7
Ensenada's Mexican Food,Santee,46,4.4
Menudo Y Quesadillas,Los Angeles,46,4.3
La Cocina Rica Restaurant,Oxnard,46,3.8
Viva Baja Grill,Rosemead,46,4.8
Chipotle Mexican Grill,Moorpark,46,3.5
Taquería at Tortilla Jo's,Anaheim,46,3.7
El Pollo Loco,Burbank,46,3.9
Taqueria Maria,Daly City,46,4.1
El Mustacho,El Cajon,46,4.5
Mi Lindo Apatzingan #2,Riverside,46,4.1
EL GRULLENSE RICO,Terra Bella,46,4.4
La Esperanza Mariscos,Watsonville,46,3.7
Tacomania Willow Glen,San Jose,46,3.9
La Baja Mexican Food,Spring Valley,46,4.8
"Justin Queso's Tex-Mex Restaurant & Bar - Mexican Food & More: Brunch, Lunch, Dinner & Late Night Drinks",West Hollywood,46,4.4
Tacos Pacheco Taqueria,Salinas,46,4.5
La Michoacana Restaurant,Grand Terrace,46,4.0
EL PRIMO TACO TRUCK,Firebaugh,46,4.5
Sub Society Incredible Sandwiches,Torrance,46,4.5
La Costenita Mexican Food,Santa Ana,45,4.0
Del Taco,Victorville,45,3.9
Fiesta Mexicana,Los Angeles,45,4.2
Guadalajara Birreria y Taqueria,Pomona,45,4.1
Inka Palace Peruvian Restaurant,Antioch,45,4.0
Cabanna Seafood and Grill,Escondido,45,4.3
Tacos Coco's Restaurants,Pico Rivera,45,4.5
Cervantes Mexican Food,Anaheim,45,4.3
Suazos Tacos,Stanton,45,4.3
El Maguey Express,San Juan Capistrano,45,4.2
La Roca Restaurant,Woodland,44,4.2
Marielas Tacos,Garden Grove,44,4.4
Marco's Restaurant,Westmorland,44,4.3
El Favorito Taqueria,El Dorado Hills,44,4.1
Coliman Mexican Food,San Diego,44,4.3
Cilantro Fresh Mexican Grill,Los Angeles,44,4.6
El Ahorro Market & Deli,San Francisco,44,4.6
Los Pambazos,San Jose,44,4.7
MX 30-30 ll,Los Angeles,44,4.8
La Piramide Salvadoreña Restaurant,Los Angeles,43,4.2
Valenzuela's Cafe,Needles,43,4.7
Vecinas Mexican Restaurant,Vallejo,39,4.2
Azulé Taqueria,Santa Monica,38,4.1
Taco Stand,Parlier,38,4.4
Castañedas Mexican Food,La Habra,38,4.5
Chronic Tacos,San Marcos,38,3.8
Carnitas al Estilo Michoacan #2,Moreno Valley,38,3.4
Rubio's,San Diego,38,4.1
La Primavera,Orange,38,4.1
Mariscos Tacos Grill,Orange,38,3.8
Casa Barajas,San Francisco,38,4.3
La Bendición Taqueria y Restaurant,Castroville,38,4.2
Paletalandia,Lodi,38,3.7
Don Fili's Grill,Riverbank,38,4.4
Yuyis Tacos,San Leandro,38,4.7
Al Teatro Panini Grill,San Diego,38,4.7
El Pollo Campeon,San Fernando,38,4.1
Cazuelas Grill,Richmond,38,3.7
Ramones Mexican BBQ,Camp Pendleton North,38,4.3
Mariscos El Pescador,Fresno,38,4.0
California Tacos,Dinuba,38,4.5
MR Tacos Inc,El Centro,38,4.3
El Burrito Loco Taco Truck,San Jose,38,4.5
Mexican Imports,Kerman,38,4.5
Tortilleria Los Reyes,Vista,38,4.4
Mr. Manitas Taco Bar and Fruteria,Julian,38,4.7
Lupita's Express,Downey,38,4.5
San Pablo Billiards,San Pablo,38,3.8
Comalapa Restaurant,Oakland,38,3.9
Las Delicias Cafe,Ventura,38,4.4
Alams Taqueria,San Jose,38,4.8
El Puente Taqueria,Lodi,38,4.2
Cowboy Burgers & BBQ,Baldwin Park,38,3.7
Brasas Mexican Grill,Corcoran,38,4.2
Asadas Mexican Restaurant,Porterville,38,4.3
Birrieria Guadalajara,South Gate,38,4.2
Taqueria La Unica Strathmore,Strathmore,38,4.6
Taco Lulu Mexican Food & Catering,Whittier,38,4.6
Daniel's Taco Shop,El Cajon,38,4.9
Salt & Pepper Taqueria and Catering,Turlock,38,4.6
Restaurant Miramar,Oxnard,38,3.7
Bravo Carne Asada & Beer,San Diego,38,4.5
Tierra Caliente Mexican Food,Azusa,38,4.2
Taqueria El Jarocho 3,Hayward,38,4.6
The Patio Express: Fresh Peruvian Food,Pico Rivera,38,4.5
Taqueria Mazatlan,Colton,38,4.8
Taqueria Lolita,Compton,38,4.6
Mariscos del Rey,Fresno,38,4.4
HomeState,Pasadena,38,4.8
Carnitas Michoacanas,Los Angeles,38,4.2
El Buen Taco,Pomona,38,4.1
taide's bionicos,South Gate,38,4.2
Taqueria Don Jose # 4,Colton,38,3.3
Chevys,Mountain View,38,3.4
Los Alteños Taqueria,Shafter,38,4.4
Taco Bell,San Ramon,38,3.5
Pollo Rico,El Monte,38,4.3
Cocina Calavera,San Diego,38,4.5
La Frutifresca,Oxnard,38,4.6
Sol y Luna Cocina Mexicana,Pleasant Hill,38,4.8
Mija's Mexican Food,Hesperia,38,4.4
Centennial Ranch,Elk Grove,38,4.4
Karina's Cantina,San Diego,38,4.1
Mariscos Y Sushi El Patron,Fair Oaks,38,3.9
YBÁ - Authentic Brazilian Açaí & Tapioca Crepes,San Clemente,38,4.9
La Barca Market,Oakley,38,4.8
Mi Lindo Nayarit Restaurant,Los Angeles,38,4.0
Lalo's Mexican Antojitos,Watsonville,38,3.6
El Pollo Grande Restaurants,Lennox,38,4.4
Tacos Guadalajara,Long Beach,38,4.0
La Carreta Mexican Restaurant,Fresno,38,4.0
Taqueria Los Primos #2,Long Beach,38,4.5
Amigos Cantina & Grill,Chino,38,3.5
Rebel Tacos,Temecula,38,3.5
Casa de las Fajitas,McFarland,38,4.4
Villa Del Sol Mexican Restuarant,Los Angeles,38,4.2
El Capitan Taqueria,San Francisco,38,3.9
Bionicos Y Jugos Guadalajara,Hemet,38,4.0
La Familia Restaurant,Loma Linda,38,4.7
Guacs Mexican Grill,City of Industry,38,3.3
La Princesita Taco Truck,San Diego,38,4.3
El Quetzal Restaurant,Clovis,38,3.9
Mariscos La Morena,San Diego,38,4.4
Taqueria El Ramy,Madera,38,4.1
Tacos fiesta LA,Los Angeles,38,4.8
Cactus Mexican Grill,Los Angeles,38,3.6
R Mexican Food,Hollister,38,4.1
Agave Birrieria,Encinitas,38,4.7
Ramones Mexican BBQ,Agra,38,4.4
Lolita's Mexican Food,San Diego,38,4.2
Las Brisas Mexican Restaurant,Hawthorne,38,4.2
Tacos Martin,Muscoy,38,4.2
Taco Bell,Fairfield,38,3.0
Restaurante La Carreta,Avenal,38,3.9
El Rinconcito Taqueria,Carson,38,4.7
Mariscos Archibaldo,Merced,38,3.9
Mi Casita Restaurant,Holtville,38,4.3
Churros y raspados,Chino,38,4.3
Taco Bravo,Los Angeles,38,3.9
Foodtruck,Woodland,38,4.7
QDOBA Mexican Eats,Orange,38,3.4
Chronic Tacos,Dana Point,38,4.1
La Sirena Grill,El Segundo,38,4.1
Gringo Tacos Burritos and More,Paso Robles,38,4.5
South Tacos R&R,Ontario,38,4.3
Hub Liquor & Tacos,San Fernando,38,4.6
Chico's Grill,San Francisco,38,4.1
Taco Bell,Danville,38,4.1
Taco Movil,Escalon,38,4.3
Evil Cooks,Los Angeles,38,4.7
Ana’s La Gran Fonda / Bionicos,Gardena,37,4.3
Gracie's Mexican Deli,Los Angeles,37,4.2
tacos super gallito,Whittier,37,3.9
Taco Bell,Alameda,37,3.5
Mariscos Taco de Mexico,Taft,37,3.9
Zapata Mexican Grill,San Francisco,37,3.9
TAQUERIA LA GUADALUPANA,City of Industry,37,4.6
El Paraiso Cafe,San Francisco,37,4.3
Lupulandia Brewing,San Francisco,37,4.6
Los Mariscos La Puente,La Puente,37,4.2
Chavez Guadalupe,Los Angeles,37,4.4
Rincon Tarasco,Menlo Park,37,4.3
Q's Tacos Restaurant,Temecula,37,4.3
Vargas Food & Beer,Salinas,37,4.3
Taqueria De Anda,Anaheim,37,4.4
Dahlia Mexican Grill,San Mateo,37,3.8
Tacos los 2 pollitos,Long Beach,37,3.9
Taqueria La Fortuna Taco Truck,Santa Ana,37,4.5
Paraíso Del Mar,Los Angeles,37,3.9
Fondita Elisa,Stockton,36,4.7
Tacos Gamboa,East Compton,36,4.6
LA PUREPECHA COCINA MEXICANA,Santa Monica,36,4.8
Los Burritos,National City,36,3.9
Santeria,San Francisco,36,4.7
Seaside Bistro,Los Angeles,36,4.6
Taqueria Hidalgo,Turlock,36,4.2
El Torito,Santa Clara,36,3.6
El Centro,Yuba City,36,4.1
Taqueria Plaza Mexico,Antioch,36,4.5
Mexicali Bar & Grill,Riverside,36,4.4
Mariscos Pueblo Culiche,Santa Ana,36,4.6
El Tortillazo Mexican food,Los Angeles,36,4.3
Viva Mexico Paleteria y Antojitos Mexicanos,San Jose,36,4.6
Restaurant Pollo Al Carbon,Los Angeles,36,3.8
Trevino's,El Cerrito,36,4.0
Tamales Alberto Echo Park,Los Angeles,36,4.4
Don Quixote,Felton,36,3.4
La Estrella,Fort Bragg,36,4.8
Las Enchiladas Restaurant,South Gate,36,4.1
El Borrego Restaurant,Chino,36,4.1
Mar y Tierra Tacos Fish,Norwalk,36,4.5
Chikali Mariscos Y Tacos,Visalia,36,4.0
Sonora Express Mexican Fusión,San Diego,36,4.6
La Cresta Restaurant and Caffé,El Cajon,36,4.7
Tino’s Tacos & More,Livermore,36,4.6
Los Portales Market and Carniceria,Yuba City,36,4.5
Tacos Cortes,Chico,36,4.1
Taqueria Santa Cruz Express 2,San Luis Obispo,35,4.4
Nene's Colombian Food,Lawndale,35,4.6
Gaucho Grill Woodland Hills,Los Angeles,35,4.0
Fresca's Mexican Grill,Lake Forest,35,4.2
Tacos La Mezcla,San Diego,35,4.8
Tinga,Los Angeles,35,4.2
El Ranchito Autentica Comida Mexicana,Anaheim,35,4.6
La Papa Loca,Los Angeles,35,4.2
Acapela Modern Mex,Los Angeles,35,4.7
Taqueria Ramirez,Willits,35,4.8
El asadero taco grill,Bakersfield,35,4.6
Doña Estela Mariscos,Los Angeles,35,4.6
Nuevo Vallarta Restaurant,Sacramento,35,4.2
Los Arcos Mexican Restaurant,Modesto,35,3.9
Mariscos-Land,Riverside,35,4.2
Los Primos Mexican Food,Chula Vista,35,3.1
Tacos Dos Primos,Oakland,35,4.7
La Tapatia Tacos Y Tortas,Colton,34,4.6
Nuevo Amanecer,Montebello,34,4.5
Fiesta Mexican Grille,San Diego,34,4.4
Mi Sinaloa Restaurant,Bakersfield,34,4.6
Don Taco Truck,Somis,34,4.9
Kayndaves,Santa Monica,34,4.6
Taqueria Diego,Fresno,34,4.5
Taqueria Y Pupuseria Zavala,Colton,34,3.7
La Casita Chilanga,San Jose,34,4.9
Tacos Campestre,Perris,34,4.5
Los Tripones,Los Angeles,34,4.3
El Pollo Gordo,Burbank,34,4.4
Sabor A Malibu,Malibu,34,4.4
Birria and Pozole To Go,Los Angeles,34,4.6
Lucero's Mexican Food,Westminster,34,4.5
Jora Peruvian food,San Jose,34,4.5
Fina Estampa,Merced,33,4.1
Baja Fresh Mexican Grill,Firebaugh,33,3.4
Tacos Raul,Compton,33,4.7
Yona Redz,Santa Barbara,33,4.3
Taqueria La Nueva Vallarta,Roseville,33,4.6
Z’s,Montebello,33,4.7
Sunrise Food Market & Liquor,Madera,33,3.9
Oscar’s Mexican Seafood,Encinitas,33,4.1
Fuego,Los Angeles,33,4.8
La Pancita Feliz,Whittier,33,4.5
Chipotle Mexican Grill,Coronado,33,3.4
Tacos Mi Rancho,Oakland,33,4.7
TACOS CALIFORNIA,Fresno,33,4.5
Carnitas El Mirador,Los Angeles,33,4.7
Carisoul BBQ,San Jose,33,4.7
"""BLUE ZEBRA"" LA ZEBRA AZUL RESTAURANT BAR, NIGHT CLUB",Lodi,33,4.3
Mela's Mexican Restaurant,Marysville,33,4.6
Aztec Grill,Willow Creek,32,4.2
La Superior Panaderia,Los Angeles,30,4.3
La Michoacana,Montclair,30,3.9
El Aji Cocina Peruana,Los Angeles,28,4.3
Taco truck tho,Los Angeles,28,4.6
Taco Bell,Grand Terrace,28,2.5
Akna,San Francisco,28,4.9
Tacos los carnales,Rancho Cucamonga,28,4.4
La Baja Gourmet,Victorville,28,4.2
Tacos Cala,San Francisco,28,4.4
El Callejon Encinitas,Encinitas,28,3.7
Deli-icious Cafe,Anaheim,28,4.3
Taco Bell,Rancho Cucamonga,28,2.3
Tacos Estilo Sinaloa,Downey,28,4.6
Arriba Baja Grill,Costa Mesa,28,4.3
Zacatecas Meat Market,Los Angeles,28,4.6
Rancho Fresco Mexican Grill,Modesto,28,4.4
Doña Leo Restaurant,Salinas,28,4.1
Casamigo Restaurant,Watsonville,28,3.9
Ositos Mexican Pub,Shaver Lake,28,3.9
Garcias Restaurant & Catering,Oxnard,28,4.4
Birria Estilo Tlaquepaque,Compton,28,4.5
Comal Next Door,Oakland,28,4.7
Carrillo's Restaurant Taqueria,Fresno,28,4.8
ZAMORA BROS. EAST LA,East Los Angeles,28,4.5
El Forastero,Oxnard,28,4.8
Tacos El Catracho,Santa Ana,28,4.3
"Lopez Fine Wines Liquor & Taqueria, Toro Park",Salinas,28,4.6
Tacos Alonzo,Oakland,28,4.5
Corazon y Miel Closed,Bell,28,4.6
America's most wanted menudo,Pico Rivera,28,3.4
Dr. Burrito,Sunnyvale,28,3.4
Taqueria Santa Barbara,Santa Barbara,28,4.4
Rodeo Mexican Grill (Echo Park),Los Angeles,28,4.1
Tacos La Penca Azul,Oakland,28,4.3
Tacos Avalos Birria de res estilo T.J.,Los Angeles,28,4.9
Wunder-Eats,Beverly Hills,28,4.0
Baja Fresh,Galt,28,3.4
GREEN BURRITO,La Habra,28,4.3
La Casa Del Cocinero,La Mirada,28,3.9
Taqueria Durango,Hughson,28,4.4
EK Valley,Culver City,28,4.9
Tacos Estilo DF,Los Angeles,28,4.0
La casita olvera,La Habra,28,4.5
Tacos Juliet,Los Angeles,28,4.2
Cocina Los V,Los Angeles,28,4.6
Tacos/Moulita Stand,Los Angeles,28,4.6
Micheladas Mex Grill,Los Angeles,28,4.7
Baleadas Y Más,Los Angeles,28,4.7
Los Potrillos Restaurant,Colusa,28,4.2
Pancheros Mexican Grill,Fremont,28,3.3
Tacos 210,Altadena,28,4.8
Vicky's Restaurant,Los Angeles,28,4.7
Martinez Monkey Tacos,Anaheim,28,4.3
Tacos Y Mariscos Sergio Taqueria,Coalinga,28,4.4
TE AMO TACOS,Los Angeles,28,4.2
Armando's Mexican Food,Rialto,28,4.7
Cristi's Restaurant,Anaheim,28,4.3
Leyva's Mexican Food,Bell Gardens,28,4.4
Tacos Bernis,Los Angeles,28,4.6
Cut360 Westlake,Thousand Oaks,28,3.9
Mendoza’s Tacos (FoodTruck),Stockton,28,4.4
Tacos El Orejas,San Diego,28,4.3
Hornitos Cafe,Oakland,28,4.6
Taqueria Gonzalez,Coalinga,28,4.9
El Fogoncito Taqueria,Marysville,28,4.0
"Tonantzin ""Taco Goddess""",Stockton,28,4.8
Viva Jalisco,San Fernando,28,4.4
Las Americas,San Mateo,28,3.9
Taqueria Mexico,Garden Grove,28,4.2
Shark Shack,Hayward,28,4.6
Mi Lindo Sinaloa Coachella,Coachella,28,3.4
Dunagan's Market,Adelanto,28,3.5
Taqueria Pinolera,Chico,28,4.7
Guadalajara Meat Market,South Gate,28,4.6
Rosita Mexican Restaurant,Los Angeles,28,3.8
Garden Juice,Los Angeles,28,4.1
La Casa Cuevas Mexican Food,Anderson,28,3.9
Las Nuevas,Los Angeles,28,4.4
La Güera Poblana Quesadillas,Los Angeles,28,4.6
Los Cabos Grill & Cantina,Downey,28,3.7
Fountain Springs El Tapatio,Porterville,28,4.9
Taco Bell,Fresno,28,3.7
El Rancho Mexican Restaurant,Five Points,28,4.4
El Mesquite Restaurant,Bloomington,28,4.4
EL MICHOACANO TACOS,Los Angeles,28,4.1
Carniceria Las Glorias market #2,Azusa,28,4.9
Taqueria Azteca,Palo Alto,28,3.9
Ricos Tacos El Guero,San Jose,28,4.5
Ornela's,Fresno,28,4.0
El Guero 2,Santee,28,4.2
El Sancho Mexican Food,Los Angeles,28,4.2
Estancia at The Grand Conquista,Chino,28,4.8
Raspaditos,Twentynine Palms,28,4.6
TACOS COTIJA,Red Bluff,28,4.2
Tacos El Tio,Gardena,28,4.6
Taqueria y Carniceria San Miguel,Madera,28,4.5
Taco Bell,Universal City,28,4.0
Commerce Birrieria,Commerce,28,4.6
Guadalajaras Birrieria,San Bernardino,28,3.9
South Harbor Waterfront,South San Francisco,28,4.4
La Especial,Los Angeles,28,4.4
The Green Chili Jr,Santa Fe Springs,28,4.4
Tacos El Venado,Los Angeles,28,4.6
Taco Bell,San Jose,28,3.7
Alta California Fonda,Los Angeles,28,4.6
Vallarta#2,Corona,28,4.7
Taqueira San Miguel,Rialto,28,4.3
Tacos El Tijuanazo,Los Angeles,28,4.1
La Reyna Tacos #2,Los Angeles,28,4.8
Tacos Roger #1,Los Angeles,28,4.3
El Mexicano Taqueria,Fresno,28,3.9
Mi Burrito Mexican Grill,Redondo Beach,27,4.7
"tacos ""la chapis""",East Los Angeles,27,4.0
Tacos El Compita,Costa Mesa,27,4.7
Mejia's Mexican Food,Lakewood,27,4.7
Tacos El CUÑADO,Pomona,27,4.7
Taco's and Beer's,Madera,27,4.4
El Abuelo #2,Bakersfield,27,4.1
El Kora,Richmond,27,4.3
Tacos L Beso truck,Santa Ana,27,4.5
"MCX Food & Service Plaza, Camp Pendleton, CA",Oceanside,27,4.6
Tacos Esquinita,Los Angeles,27,4.5
Mama Testa Taqueria,San Diego,27,4.1
Otra,San Francisco,27,4.9
Taco Grande,Victorville,27,4.2
Real Good Tasty Food,Los Angeles,27,4.0
Un Big Burrito,Los Angeles,27,4.6
El Pastor Bar & Grill,Huntington Park,27,4.2
El Gallo Giro,Red Bluff,27,4.8
Smart Choice Supermarket,Norwalk,27,4.3
Cerveteca DTLA,Los Angeles,27,4.4
Juice Unwind,Oroville,27,4.9
Las Cocineras Restaurant,San Francisco,27,4.7
Birrieria Esquivel,South Gate,27,4.7
Los Gallos Taqueria,Newark,27,4.3
El Tecolote Sinaloense,Bakersfield,26,4.1
Criollos Mexican-Mediterranean food,Oakland,26,4.0
Taco Bell,Pollock Pines,26,3.7
Antonio's Quick Lunch,Yuba City,26,4.2
Taqueria Vallarta,San Francisco,26,4.1
Sabra Fish Grill,Oxnard,26,4.5
El Torito,Rohnert Park,26,3.7
Ritual Açai,Los Angeles,26,4.7
Market Cocina,Lafayette,26,4.4
El Cielito Lindo,Los Angeles,26,4.1
Limeña Peruvian Eatery,Thousand Oaks,26,4.5
Tamales Coral,Modesto,26,4.6
La Cocina By: Don Manuel,Los Angeles,26,4.6
Puertos Del Pacifico,Los Angeles,26,3.2
El Torito,Santa Clarita,26,3.6
Chiquitas Mexican American Resturant,Merced,26,4.9
Tacos Morelia,Acampo,26,4.9
Red Top Cafe & Restaurant,Chowchilla,26,3.9
Maya's restaurant,Los Angeles,26,4.2
Baja Fresh Mexican Grill,San Jose,26,3.5
Viva Be Bowl'D,Fresno,26,4.9
El Jefes Taco Shop,San Diego,26,4.0
Tortas Ahogadas Chapala Mexican Food in Victorville,Victorville,26,4.3
Daisy's Taqueria,Brisbane,26,4.4
Lucia's Fresh Mexican Grill & Cuisine,Sacramento,26,4.5
Lunch Taco Truck,Whittier,25,4.4
Chronic Tacos,Riverside,25,3.7
Plata's Mexican Food,Barstow,25,4.5
Bodegón No.69,Pasadena,25,4.9
Tacos Cebrian,Los Angeles,25,4.7
Antojitos Hippocampos,Bishop,25,4.7
Marisco & Tacos,East Los Angeles,25,4.7
Antojitos Denises,Los Angeles,25,4.7
La Burrita Truck,San Jose,25,4.5
Picanha Churrascaria,Burbank,25,3.6
Miel de Agave Azul,Livermore,25,4.3
Taqueria Don Jose,Moreno Valley,25,3.7
Zendeja's Mexican Grill,Chino,25,3.8
Crazy Tacos On 9th,Los Angeles,25,4.7
One Stop Taco Shop,Indio,25,3.7
Karina's Mexican Seafood,Chula Vista,25,4.1
Taco Bell,Palmdale,25,4.0
Carnitas Michoacan,Sacramento,25,4.3
Tacos Juanita's Estilo Mezcala,South San Francisco,25,4.9
El Arepazo SF,San Francisco,25,5.0
Hugo's Mexican Grill,Livingston,25,4.3
Taqueria Guerrero,Whittier,25,4.5
3 Queens Carnitas,Hollister,25,4.9
Taco Nacion,Ontario,25,4.7
BARBACOA MORALES,Commerce,24,4.5
Una Mas Mexican Grill,San Francisco,24,4.5
Taco Truck,Pixley,24,4.6
e•'lo•te,Valley Center,24,5.0
El Garibaldi,Los Angeles,24,4.4
Tacos El Gordo Authentic Mexican Food,Bakersfield,24,4.4
Taqueria Michoacan,Chino,24,4.2
Mr. Taco Man,San Mateo,24,4.2
Laco Taco,Castaic,24,4.9
Baja Fresh Mexican Grill,Pleasanton,24,3.7
El Guero,Cathedral City,24,4.3
Z & J Taqueria,Los Angeles,24,3.8
Tortas Brabras,Downey,24,3.7
La Guadalupana Meat Market,Terra Bella,24,3.9
El Grullense Jal,Patterson,24,4.0
Mama Testa,San Diego,24,4.0
MIA'S Tacos,Visalia,24,4.7
Baiano Pizzeria - Berkeley,Berkeley,24,4.1
Mayah’s Restaurant Cafe,San Francisco,24,4.6
Gonzalez Restaurant,Oxnard,24,4.0
Golden Tamale,Fresno,24,4.2
TACOS MARY,Los Angeles,24,4.6
Maria's Mexican Restaurant,Torrance,24,4.4
Urban Chopsticks,Bellflower,24,4.5
Burrito Truck,Oakland,24,4.5
taco mania,Riverside,23,4.8
Una Mas Mexican Grill,Livermore,20,3.8
Rubio's,Los Angeles,18,4.2
Los Tapatios,Palmdale,18,4.3
Mi Ranchito Downtown,Santa Rosa,18,4.2
La Morena Taco Shop,San Diego,18,4.2
Habanero Grill,Los Angeles,18,3.6
Taqueria Corral,Antioch,18,4.1
Ms Whis Fiesta Mexicana,Long Beach,18,3.7
Taqueria Monte Alban,Coachella,18,4.3
El Ensenada Express,Santa Ana,18,4.2
Tacos Playa De Oro,Los Angeles,18,4.7
Terraza Tequila,Maywood,18,3.1
Amigos,Tulare,18,4.1
Con sabor a Mexico,San Jose,18,5.0
Taco Shack,Whittier,18,4.0
Tia's Laura Mexican Food,Gardena,18,4.4
Sharky's Woodfired Mexican Grill,Irvine,18,4.0
Fiestacos,Riverside,18,4.4
Los Pilares,Los Angeles,18,4.4
Tacos Los Potrillos,West Covina,18,4.6
Mendocino Taquería,Mendocino,18,4.2
Tutis Fruties ice cream parlor,Fresno,18,4.2
Chicos Grill,Redwood City,18,4.5
Cha Cha Cha Cuba,San Mateo,18,3.7
Pepe's Taqueria,San Francisco,18,3.4
El Nuevo Frutilandia,San Francisco,18,4.6
Tac-oh!,San Jose,18,3.6
La Estrella Tacos,Los Angeles,18,4.0
Tacos Moreno 3,Capitola,18,4.2
Pancho's Tacos Truck,Long Beach,18,4.1
Taquería Zapata,San Diego,18,4.7
Mi Casita Purepecha,San Bernardino,18,4.7
Taco Chido,Santa Rosa,18,4.3
Quesadilla Loca Estilo D.F Antojitos Mexicanos,Los Angeles,18,4.8
Los Primos TACO Truck,Los Angeles,18,4.4
Tangonadas,Santa Barbara,18,4.6
Taquiza Limon 2,Brentwood,18,4.5
Cafe Taboo,San Francisco,18,3.5
El Chilango Tacos,Whittier,18,3.4
Frida Tacos – Campus Village,Pasadena,18,3.9
Pancho Villas Restaurant,Fairfax,18,4.0
Mariscos Chinola,Stockton,18,4.6
Casa Delicias,Hesperia,18,4.6
Taco mixes,Los Angeles,18,4.4
Azure Tavern & Lounge,Los Angeles,18,4.0
Patron Mexican Grill,Walnut Creek,18,4.4
Mariscos Las Islitas - Anaheim St.,Long Beach,18,3.9
Diaz Brothers Mexican Catering,San Diego,18,4.5
JALAPEÑOS MEXICAN FOOD TACO TRUCK,Benicia,18,4.6
Olocuilta,Los Angeles,18,4.1
Mr. Carnitas Mexican Restaurant,Sacramento,18,3.7
Burritos Santana,Anaheim,18,4.1
Tacos Radioactivos,Santa Ana,18,4.6
Pacos Grill-Tacos,Anaheim,18,3.9
Chipotle Mexican Grill,South Pasadena,18,3.6
Ricos Tacos,Compton,18,4.2
Taqueria Los Girasoles,Merced,18,4.4
Tortilleria la rancherita,Oxnard,18,4.5
El Super Taco-N-More (Taco Truck),Fresno,18,4.6
Tacos El Jalisciense,Soledad,18,4.5
George Lopez's Chingon Kitchen,Torrance,18,3.8
El Piquin Mexican Grill,Maywood,18,4.2
Chio's Tacos,San Bernardino,18,4.3
Tacos el Picosito,Lennox,18,4.7
Lalo's Taqueria,Fresno,18,4.2
Los Abuelos Family Restaurant,Victorville,18,4.0
Taqueria El Viejon,Anaheim,18,4.7
Poquito Mas,West Hollywood,18,4.0
Los Nopales Restaurant,San Jose,18,4.0
D'Angelo's Mexican Restaurant,Watsonville,18,3.8
Yuri's Taqueria,San Leandro,18,4.6
El Merendero,El Centro,18,4.4
Taqueria El Jaliciense,Los Angeles,18,4.4
Chipotle Mexican Grill,Long Beach,18,3.9
Daniela's Tacos,Los Angeles,18,4.8
California Chicken Mexican Grill,Los Angeles,18,4.1
MR TACOS,National City,18,4.9
Horchata Mexican Food,Culver City,18,4.5
Tres De Asada Mexican Grill,Gardena,18,3.9
El Comal Taco truck(The Grill On Wheels),Stockton,18,4.6
Carrillo's Mexican Food Inc.,Fresno,18,4.5
Los Cubanos Restaurant,San Jose,18,5.0
"Taco Truck ""La Sabrosa""",Porterville,18,4.3
El Uli Mar Y Tierra,Los Angeles,18,4.2
Los Güeros Comida Mexicana & Tacos Al Vapor,Compton,18,4.5
Raspados California,Fresno,18,4.4
Pacific West General Store,Los Angeles,18,4.3
Baja Bud's Restaurants,Los Angeles,18,4.2
Taqueria Robles,Santa Maria,18,3.3
Aztec Grill,Windsor,18,4.6
Taqueria Cowbell 67,Hayward,18,3.7
El Tio Restaurant,Lynwood,18,4.1
Los Alazanes Mexican Food,Duarte,18,4.4
Marthas Tamales ( Traila Truck ),Modesto,18,4.2
Restaurante El Gordo,Los Angeles,18,4.3
Josefina’s taqueria,Yreka,18,4.6
QMT Quiero Más Tacos,Los Angeles,18,4.7
Taqueria La Bamba,Mountain View,18,4.1
Nikkos Mexican Grill,Redwood City,18,3.7
Closed,Madera,18,4.9
Tacos El Venado,Los Angeles,18,5.0
Jose's Tacos Truck,Whittier,18,4.7
Alfreditos Mexican Food,Riverside,18,4.3
Tacos Gallo Loco,Santa Ana,18,4.1
Marlin Restaurant- Mexican & Seafood,Artesia,18,4.9
El Torito Grill,Los Angeles,18,3.8
Rosa La Villa Restaurant,Seaside,18,4.1
Taco Express,Los Angeles,18,4.2
El Valiente Mexican Grill,Covina,18,3.6
MCAU,Los Angeles,18,4.6
Xalisco Tacos,Los Angeles,18,3.9
Tortilleria Zeamays,Wasco,18,4.6
El Palenque,Modesto,17,3.7
EL OASIS FRUTAL,Fontana,17,4.3
Mama Coco Cocina Mexicana,San Carlos,17,4.1
Baja Fresh Mexican Grill,San Carlos,17,4.0
Albeto’s Taco Shop,Chula Vista,17,3.9
Merendero San Marcos,City of Industry,17,4.6
Market Cocina,San Francisco,17,4.5
Tacos Burritos Tortas,Los Angeles,17,4.3
Del Taco,Bakersfield,17,3.3
Oasis Burger,Highland,17,3.3
Mi Lindo Michoacan,Santa Rosa,17,3.8
Taco Elgrullense,Gilroy,17,3.6
Tacos Mi Estilo Jalisco,San Marcos,17,4.3
Cactus Bar & Grill,Bakersfield,16,4.0
El Paiza Mex,Escondido,16,4.8
Taqueria El 14,Moorpark,16,4.5
O' Paloma,Long Beach,16,4.4
Tacos El Puma,Los Angeles,16,4.5
El Pollo Loco,Los Angeles,16,4.0
Sancho's Taqueria,San Carlos,16,4.3
Taqueria La Fiesta,Santa Ana,16,3.8
Tury's Tacos,San Diego,16,4.7
La Olla Mexican Grill,Diamond Bar,16,4.2
Chipotle Mexican Grill,Pasadena,16,4.5
Taco Bell,Firebaugh,16,3.1
Cecilia's Mexican Restaurant,Los Banos,16,4.4
Taqueria Don Lupe,Los Angeles,16,4.6
Frida Tacos Melrose,Los Angeles,16,3.8
TAQUERIA FARIAS,Inglewood,16,4.3
Las Palmas,Fresno,16,4.1
Martita's Kitchen,San Francisco,16,4.0
Fine Mexican Food,Elk Grove,16,4.4
Mexican On The Pier,Redondo Beach,15,4.2
Toros Meat Market,Bell,15,3.8
Ranchero Catering,Benicia,15,4.6
Panda Gordo,Bakersfield,15,4.8
Mexicali Street Tacos,San Diego,15,4.0
Carnitas Taqueria Nueva Italia,Fresno,15,4.5
Hidalgo Tacos,Los Angeles,15,4.5
Cantina California,San Jose,15,4.5
El Rey Agave,Huntington Park,15,4.2
Jimboy's Tacos,Fair Oaks,15,4.7
Alberto's Mexican Food,Ontario,15,3.4
Del Rosa,San Bernardino,15,4.3
Pipirin,Oakland,15,4.9
Chipotle Mexican Grill,Anaheim,15,3.6
Bionicos Y Raspados Puebla,Victorville,14,4.3
Mac Taco & Pollo,Los Angeles,14,4.5
Paiche,Marina del Rey,14,4.2
La Mancha,Ventura,14,3.3
La Cocina del Abuelo - Food Truck,San Marcos,13,4.5
Tacos el pleve,Whittier,13,4.8
The Original El Gavilan,Los Angeles,13,4.6
El Nopal Mexican Grill,Sacramento,13,4.1
Tacos Gallo Loco,Whittier,13,4.2
Tacos Los Amigos,Bakersfield,13,4.3
Padrinos Taqueria,Lawndale,13,4.7
LA REYNA RESTAURANT,Santa Ana,13,4.1
MJ CAFE,Commerce,8,4.6
Mijita,San Francisco,8,3.4
Cemitas,Los Angeles,5,4.6
